{
  "year": "2022",
  "season": "",
  "episode": "",
  "tvshow": "",
  "tvshow_year": "",
  "title": "The Black Phone",
  "filename": "7cj63pa7hi~edrlhFqik1?token=iw980pt7c53trljbzs930rvc&expiry=1658114263126|User-Agent=Mozilla/5.0+(Windows+NT+10.0;+Win64;+x64)+AppleWebKit/537.36+(KHTML,+like+Gecko)+Chrome/70.0.3538.102+Safari/537.36+Edge/18.18363&Referer=https://dood.la/d/3cvh4ymjqmc69eucagy0ss3s1run0avw",
  "filename_without_ext": "7cj63pa7hi~edrlhFqik1?token=iw980pt7c53trljbzs930rvc&expiry=1658114263126|User-Agent=Mozilla/5.0+(Windows+NT+10.0;+Win64;+x64)+AppleWebKit/537.36+(KHTML,+like+Gecko)+Chrome/70.0.3538.102+Safari/537.36+Edge/18.18363&Referer=https://dood.la/d/3cvh4ymjqmc69eucagy0ss3s1run0avw",
  "imdb_id": "tt7144666",
  "filesize": "680423427",
  "filehash": ""
}