{
  "hash": "d5515a63919137407eee42aeadfd81bfcf8cda17ea23951895ce7d6b67201807",
  "timestamp": 1658114286.9612517,
  "results": [
    {
      "service_name": "subscene",
      "service": "Subscene",
      "lang": "English",
      "name": "The.Black.Phone.2021.1080p.WEBRip.x264.AAC5.1-[YTS.MX].srt",
      "rating": 0,
      "lang_code": "en",
      "sync": "false",
      "impaired": "false",
      "color": "dodgerblue",
      "action_args": {
        "url": "https://subscene.com/subtitles/the-black-phone/english/2832493",
        "lang": "english",
        "filename": "The.Black.Phone.2021.1080p.WEBRip.x264.AAC5.1-[YTS.MX].srt",
        "episodeid": ""
      }
    },
    {
      "service_name": "subscene",
      "service": "Subscene",
      "lang": "English",
      "name": "The.Black.Phone.2021.1080p.WEBRip.x264.AAC5.1-[YTS.MX].srt",
      "rating": 0,
      "lang_code": "en",
      "sync": "false",
      "impaired": "false",
      "color": "dodgerblue",
      "action_args": {
        "url": "https://subscene.com/subtitles/the-black-phone/english/2835124",
        "lang": "english",
        "filename": "The.Black.Phone.2021.1080p.WEBRip.x264.AAC5.1-[YTS.MX].srt",
        "episodeid": ""
      }
    },
    {
      "service_name": "subscene",
      "service": "Subscene",
      "lang": "English",
      "name": "The.Black.Phone.2021.1080p.WEBRip.x265-RARBG.srt",
      "rating": 0,
      "lang_code": "en",
      "sync": "false",
      "impaired": "false",
      "color": "dodgerblue",
      "action_args": {
        "url": "https://subscene.com/subtitles/the-black-phone/english/2834796",
        "lang": "english",
        "filename": "The.Black.Phone.2021.1080p.WEBRip.x265-RARBG.srt",
        "episodeid": ""
      }
    },
    {
      "service_name": "subscene",
      "service": "Subscene",
      "lang": "English",
      "name": "The.Black.Phone.2021.1080p.WEBRip.x264-RARBG.srt",
      "rating": 0,
      "lang_code": "en",
      "sync": "false",
      "impaired": "false",
      "color": "dodgerblue",
      "action_args": {
        "url": "https://subscene.com/subtitles/the-black-phone/english/2835125",
        "lang": "english",
        "filename": "The.Black.Phone.2021.1080p.WEBRip.x264-RARBG.srt",
        "episodeid": ""
      }
    },
    {
      "service_name": "subscene",
      "service": "Subscene",
      "lang": "English",
      "name": "The.Black.Phone.2021.1080p.WEB-DL.DDP5.1.Atmos.H.264.srt",
      "rating": 0,
      "lang_code": "en",
      "sync": "false",
      "impaired": "false",
      "color": "dodgerblue",
      "action_args": {
        "url": "https://subscene.com/subtitles/the-black-phone/english/2829723",
        "lang": "english",
        "filename": "The.Black.Phone.2021.1080p.WEB-DL.DDP5.1.Atmos.H.264.srt",
        "episodeid": ""
      }
    },
    {
      "service_name": "subscene",
      "service": "Subscene",
      "lang": "English",
      "name": "The.Black.Phone.2021.1080p.WEB-DL.DDP5.1.Atmos.H.264.srt",
      "rating": 0,
      "lang_code": "en",
      "sync": "false",
      "impaired": "false",
      "color": "dodgerblue",
      "action_args": {
        "url": "https://subscene.com/subtitles/the-black-phone/english/2829722",
        "lang": "english",
        "filename": "The.Black.Phone.2021.1080p.WEB-DL.DDP5.1.Atmos.H.264.srt",
        "episodeid": ""
      }
    },
    {
      "service_name": "opensubtitles",
      "service": "OpenSubtitles",
      "lang": "English",
      "name": "The.Black.Phone.2021.1080p.WEB-DL.DDP5.1.Atmos.H.264 .srt",
      "rating": 0,
      "lang_code": "en",
      "sync": "false",
      "impaired": "false",
      "color": "springgreen",
      "action_args": {
        "url": "https://dl.opensubtitles.org/en/download/src-api/vrf-f5630bbd/sub/9166572",
        "lang": "English",
        "filename": "The.Black.Phone.2021.1080p.WEB-DL.DDP5.1.Atmos.H.264 .srt"
      }
    },
    {
      "service_name": "opensubtitles",
      "service": "OpenSubtitles",
      "lang": "English",
      "name": "The.Black.Phone.2021.1080p.WEB-DL.DDP5.1.Atmos.H.264 (SDH).srt",
      "rating": 0,
      "lang_code": "en",
      "sync": "false",
      "impaired": "true",
      "color": "springgreen",
      "action_args": {
        "url": "https://dl.opensubtitles.org/en/download/src-api/vrf-f5620bbc/sub/9166571",
        "lang": "English",
        "filename": "The.Black.Phone.2021.1080p.WEB-DL.DDP5.1.Atmos.H.264 (SDH).srt"
      }
    },
    {
      "service_name": "opensubtitles",
      "service": "OpenSubtitles",
      "lang": "English",
      "name": "The.Black.Phone.2022.1080p.AMZN.WEBRip.x264-CMRG.srt",
      "rating": 0,
      "lang_code": "en",
      "sync": "false",
      "impaired": "true",
      "color": "springgreen",
      "action_args": {
        "url": "https://dl.opensubtitles.org/en/download/src-api/vrf-f5720bc3/sub/9168927",
        "lang": "English",
        "filename": "The.Black.Phone.2022.1080p.AMZN.WEBRip.x264-CMRG.srt"
      }
    },
    {
      "service_name": "subscene",
      "service": "Subscene",
      "lang": "English",
      "name": "The.Black.Phone.2022.1080p.AMZN.WEBRip.x264-CMRG.srt",
      "rating": 0,
      "lang_code": "en",
      "sync": "false",
      "impaired": "false",
      "color": "dodgerblue",
      "action_args": {
        "url": "https://subscene.com/subtitles/the-black-phone/english/2832439",
        "lang": "english",
        "filename": "The.Black.Phone.2022.1080p.AMZN.WEBRip.x264-CMRG.srt",
        "episodeid": ""
      }
    },
    {
      "service_name": "subscene",
      "service": "Subscene",
      "lang": "English",
      "name": "The.Black.Phone.2021.720p/1080p.WEB.H264-SLOT.srt",
      "rating": 0,
      "lang_code": "en",
      "sync": "false",
      "impaired": "false",
      "color": "dodgerblue",
      "action_args": {
        "url": "https://subscene.com/subtitles/the-black-phone/english/2833037",
        "lang": "english",
        "filename": "The.Black.Phone.2021.720p/1080p.WEB.H264-SLOT.srt",
        "episodeid": ""
      }
    },
    {
      "service_name": "subscene",
      "service": "Subscene",
      "lang": "English",
      "name": "The.Black.Phone.2021.720p/1080p.WEB.H264-SLOT.srt",
      "rating": 0,
      "lang_code": "en",
      "sync": "false",
      "impaired": "false",
      "color": "dodgerblue",
      "action_args": {
        "url": "https://subscene.com/subtitles/the-black-phone/english/2833036",
        "lang": "english",
        "filename": "The.Black.Phone.2021.720p/1080p.WEB.H264-SLOT.srt",
        "episodeid": ""
      }
    },
    {
      "service_name": "subscene",
      "service": "Subscene",
      "lang": "English",
      "name": "The.Black.Phone.2022.WEBRip-DDP5.1.Atmos.x264-CM.srt",
      "rating": 0,
      "lang_code": "en",
      "sync": "false",
      "impaired": "false",
      "color": "dodgerblue",
      "action_args": {
        "url": "https://subscene.com/subtitles/the-black-phone/english/2832556",
        "lang": "english",
        "filename": "The.Black.Phone.2022.WEBRip-DDP5.1.Atmos.x264-CM.srt",
        "episodeid": ""
      }
    },
    {
      "service_name": "subscene",
      "service": "Subscene",
      "lang": "English",
      "name": "The.Black.Phone.2021.720p.WEBRip.x264.AAC-[YTS.MX].srt",
      "rating": 0,
      "lang_code": "en",
      "sync": "false",
      "impaired": "false",
      "color": "dodgerblue",
      "action_args": {
        "url": "https://subscene.com/subtitles/the-black-phone/english/2835123",
        "lang": "english",
        "filename": "The.Black.Phone.2021.720p.WEBRip.x264.AAC-[YTS.MX].srt",
        "episodeid": ""
      }
    },
    {
      "service_name": "subscene",
      "service": "Subscene",
      "lang": "English",
      "name": "The Black Phone (2021) [1080p] [WEBRip] [5.1] [YTS.MX].srt",
      "rating": 0,
      "lang_code": "en",
      "sync": "false",
      "impaired": "false",
      "color": "dodgerblue",
      "action_args": {
        "url": "https://subscene.com/subtitles/the-black-phone/english/2836726",
        "lang": "english",
        "filename": "The Black Phone (2021) [1080p] [WEBRip] [5.1] [YTS.MX].srt",
        "episodeid": ""
      }
    },
    {
      "service_name": "subscene",
      "service": "Subscene",
      "lang": "English",
      "name": "The Black Phone (2022).srt",
      "rating": 0,
      "lang_code": "en",
      "sync": "false",
      "impaired": "false",
      "color": "dodgerblue",
      "action_args": {
        "url": "https://subscene.com/subtitles/the-black-phone/english/2833997",
        "lang": "english",
        "filename": "The Black Phone (2022).srt",
        "episodeid": ""
      }
    }
  ]
}