<decoderfilter>
    <filter>
        <name>OMX.amlogic.avc.decoder.awesome</name>
        <allowed>true</allowed>
        <stills-allowed>false</stills-allowed>
        <dvd-allowed>true</dvd-allowed>
        <min-height>0</min-height>
    </filter>
    <filter>
        <name>OMX.amlogic.hevc.decoder.awesome</name>
        <allowed>true</allowed>
        <stills-allowed>false</stills-allowed>
        <dvd-allowed>true</dvd-allowed>
        <min-height>0</min-height>
    </filter>
    <filter>
        <name>OMX.amlogic.mpeg2.decoder.awesome</name>
        <allowed>true</allowed>
        <stills-allowed>false</stills-allowed>
        <dvd-allowed>true</dvd-allowed>
        <min-height>720</min-height>
    </filter>
    <filter>
        <name>OMX.amlogic.mswmv3.decoder.awesome</name>
        <allowed>true</allowed>
        <stills-allowed>false</stills-allowed>
        <dvd-allowed>true</dvd-allowed>
        <min-height>0</min-height>
    </filter>
    <filter>
        <name>OMX.amlogic.vp9.decoder.awesome</name>
        <allowed>true</allowed>
        <stills-allowed>false</stills-allowed>
        <dvd-allowed>true</dvd-allowed>
        <min-height>0</min-height>
    </filter>
    <filter>
        <name>OMX.amlogic.wvc1.decoder.awesome</name>
        <allowed>true</allowed>
        <stills-allowed>false</stills-allowed>
        <dvd-allowed>true</dvd-allowed>
        <min-height>0</min-height>
    </filter>
    <filter>
        <name>OMX.dolby.ac3.decoder</name>
        <allowed>true</allowed>
        <stills-allowed>false</stills-allowed>
        <dvd-allowed>true</dvd-allowed>
        <min-height>0</min-height>
    </filter>
    <filter>
        <name>OMX.dolby.eac3.decoder</name>
        <allowed>true</allowed>
        <stills-allowed>false</stills-allowed>
        <dvd-allowed>true</dvd-allowed>
        <min-height>0</min-height>
    </filter>
    <filter>
        <name>OMX.google.aac.decoder</name>
        <allowed>false</allowed>
        <stills-allowed>false</stills-allowed>
        <dvd-allowed>false</dvd-allowed>
        <min-height>0</min-height>
    </filter>
    <filter>
        <name>OMX.google.amrnb.decoder</name>
        <allowed>false</allowed>
        <stills-allowed>false</stills-allowed>
        <dvd-allowed>false</dvd-allowed>
        <min-height>0</min-height>
    </filter>
    <filter>
        <name>OMX.google.g711.alaw.decoder</name>
        <allowed>false</allowed>
        <stills-allowed>false</stills-allowed>
        <dvd-allowed>false</dvd-allowed>
        <min-height>0</min-height>
    </filter>
    <filter>
        <name>OMX.google.g711.mlaw.decoder</name>
        <allowed>false</allowed>
        <stills-allowed>false</stills-allowed>
        <dvd-allowed>false</dvd-allowed>
        <min-height>0</min-height>
    </filter>
    <filter>
        <name>OMX.google.h263.decoder</name>
        <allowed>false</allowed>
        <stills-allowed>false</stills-allowed>
        <dvd-allowed>false</dvd-allowed>
        <min-height>720</min-height>
    </filter>
    <filter>
        <name>OMX.google.h264.decoder</name>
        <allowed>false</allowed>
        <stills-allowed>false</stills-allowed>
        <dvd-allowed>false</dvd-allowed>
        <min-height>0</min-height>
    </filter>
    <filter>
        <name>OMX.google.mp3.decoder</name>
        <allowed>false</allowed>
        <stills-allowed>false</stills-allowed>
        <dvd-allowed>false</dvd-allowed>
        <min-height>0</min-height>
    </filter>
    <filter>
        <name>OMX.google.mpeg2.decoder</name>
        <allowed>false</allowed>
        <stills-allowed>false</stills-allowed>
        <dvd-allowed>false</dvd-allowed>
        <min-height>720</min-height>
    </filter>
    <filter>
        <name>OMX.google.mpeg4.decoder</name>
        <allowed>false</allowed>
        <stills-allowed>false</stills-allowed>
        <dvd-allowed>false</dvd-allowed>
        <min-height>720</min-height>
    </filter>
    <filter>
        <name>OMX.google.opus.decoder</name>
        <allowed>false</allowed>
        <stills-allowed>false</stills-allowed>
        <dvd-allowed>false</dvd-allowed>
        <min-height>0</min-height>
    </filter>
    <filter>
        <name>OMX.google.raw.decoder</name>
        <allowed>false</allowed>
        <stills-allowed>false</stills-allowed>
        <dvd-allowed>false</dvd-allowed>
        <min-height>0</min-height>
    </filter>
    <filter>
        <name>OMX.google.vorbis.decoder</name>
        <allowed>false</allowed>
        <stills-allowed>false</stills-allowed>
        <dvd-allowed>false</dvd-allowed>
        <min-height>0</min-height>
    </filter>
    <filter>
        <name>OMX.google.vp8.decoder</name>
        <allowed>false</allowed>
        <stills-allowed>false</stills-allowed>
        <dvd-allowed>false</dvd-allowed>
        <min-height>0</min-height>
    </filter>
    <filter>
        <name>OMX.google.vp9.decoder</name>
        <allowed>false</allowed>
        <stills-allowed>false</stills-allowed>
        <dvd-allowed>false</dvd-allowed>
        <min-height>0</min-height>
    </filter>
</decoderfilter>
