<sources>
    <programs>
        <default pathversion="1"></default>
    </programs>
    <video>
        <default pathversion="1"></default>
    </video>
    <music>
        <default pathversion="1"></default>
    </music>
    <pictures>
        <default pathversion="1"></default>
    </pictures>
    <files>
        <default pathversion="1"></default>
        <source>
            <name>outtaline</name>
            <path pathversion="1">https://outtaline.github.io/</path>
            <allowsharing>true</allowsharing>
        </source>
        <source>
            <name>ezra</name>
            <path pathversion="1">https://ezra-hubbard.github.io/</path>
            <allowsharing>true</allowsharing>
        </source>
        <source>
            <name>umbrella</name>
            <path pathversion="1">https://umbrellaplug.github.io/</path>
            <allowsharing>true</allowsharing>
        </source><source>
            <name>seren</name>
            <path pathversion="1">https://https://nixgates.github.io/packages/</path>
            <allowsharing>true</allowsharing>
        </source>
		
    </files>
    <games>
        <default pathversion="1"></default>
    </games>
</sources>
