{
    "access_manager": {
        "current_user": "0",
        "developers": {},
        "last_origin": "plugin.video.youtube",
        "users": {
            "0": {
                "access_token": "",
                "id": "45881ce7e22f44ccb16a55d0cf1ab6e7",
                "last_key_hash": "f604e1f4602fe71d86dd3609b71938dd",
                "name": "Default",
                "refresh_token": "",
                "token_expires": -1,
                "watch_history": "HL",
                "watch_later": " WL"
            }
        }
    }
}