<?xml version="1.0" encoding="UTF-8" standalone="yes"?>
<addon id="repository.outtalinewizard" name="OuttaLineWiz Repository" version="1.1.7" provider-name="outtaline">
    <extension point="xbmc.addon.repository" name="OuttaLineWiz Repository">
        <dir>
            <info compressed="false">https://raw.githubusercontent.com/outtaline/outtaline.github.io/main/repo/zips/addons.xml</info>
            <checksum>https://raw.githubusercontent.com/outtaline/outtaline.github.io/main/repo/zips/addons.xml.md5</checksum>
            <datadir zip="true">https://raw.githubusercontent.com/outtaline/outtaline.github.io/main/repo/zips/</datadir>
        </dir>
    </extension>
    <extension point="xbmc.addon.metadata">
        <summary>repository.outtalinewizard</summary>
        <description>Don't make no difference when you're WAY OUTTA LINE!!</description>
        <disclaimer></disclaimer>
        <platform>all</platform>
        <assets>
            <icon>icon.png</icon>
            <fanart>fanart.jpg</fanart>
        </assets>
    </extension>
</addon>